id_institucion;jornada;id_turno;gestion;dependencia
26000010;Completa;1;Estatal;Provincial
26000010;Completa;2;Estatal;Provincial
26000020;Completa;1;Estatal;Provincial
26000020;Completa;2;Estatal;Provincial
26000020;Completa;3;Estatal;Provincial
26000030;Extendida;4;Estatal;Provincial
26000030;Extendida;5;Estatal;Provincial
26000040;Completa;1;Gestión social/cooperativa;Provincial
26000040;Completa;2;Gestión social/cooperativa;Provincial
26000060;Extendida;4;Estatal;Provincial
26000070;Extendida;4;Estatal;Provincial
26000070;Extendida;5;Estatal;Provincial
26000080;Completa;1;Estatal;Provincial
26000080;Completa;2;Estatal;Provincial
26000082;Completa;1;Estatal;Provincial
26000082;Completa;2;Estatal;Provincial
26000090;Completa;1;Estatal;Provincial
26000090;Completa;2;Estatal;Provincial
26000120;Completa;6;Estatal;Provincial
26000130;Completa;1;Estatal;Provincial
26000140;Completa;1;Estatal;Provincial
26000140;Completa;6;Estatal;Provincial
26000150;Completa;2;Estatal;Provincial
26000150;Completa;6;Estatal;Provincial
26000160;Completa;1;Estatal;Provincial
26000160;Completa;2;Estatal;Provincial
26000170;Completa;6;Estatal;Provincial
26000180;Completa;1;Estatal;Provincial
26000180;Completa;2;Estatal;Provincial
26000200;Completa;6;Estatal;Provincial
26000210;Completa;1;Estatal;Provincial
26000210;Completa;2;Estatal;Provincial
26000211;Completa;1;Estatal;Provincial
26000220;Extendida;4;Estatal;Provincial
26000230;Completa;0;Estatal;Provincial
26000240;Completa;1;Estatal;Provincial
26000240;Completa;2;Estatal;Provincial
26000250;Completa;0;Estatal;Provincial
26000251;Completa;0;Estatal;Provincial
26000260;Completa;6;Estatal;Provincial
26000270;Completa;1;Estatal;Provincial
26000270;Extendida;4;Estatal;Provincial
26000290;Completa;2;Estatal;Provincial
26000290;Extendida;4;Estatal;Provincial
26000290;Extendida;5;Estatal;Provincial
26000300;Completa;6;Estatal;Provincial
26000310;Completa;1;Estatal;Provincial
26000310;Completa;6;Estatal;Provincial
26000320;Completa;1;Privado;Provincial
26000320;Completa;2;Privado;Provincial
26000330;Completa;1;Privado;Provincial
26000330;Completa;2;Privado;Provincial
26000340;Completa;1;Estatal;Provincial
26000340;Completa;2;Estatal;Provincial
26000350;Completa;1;Estatal;Provincial
26000350;Completa;2;Estatal;Provincial
26000360;Completa;2;Privado;Provincial
26000360;Completa;7;Privado;Provincial
26000370;Completa;1;Estatal;Provincial
26000370;Completa;2;Estatal;Provincial
26000380;Completa;1;Estatal;Provincial
26000380;Completa;2;Estatal;Provincial
26000390;Extendida;4;Estatal;Provincial
26000390;Extendida;5;Estatal;Provincial
26000400;Completa;2;Privado;Provincial
26000410;Completa;1;Privado;Provincial
26000410;Completa;2;Privado;Provincial
26000420;Completa;1;Estatal;Provincial
26000420;Completa;2;Estatal;Provincial
26000430;Completa;2;Privado;Provincial
26000440;Completa;1;Estatal;Provincial
26000440;Completa;2;Estatal;Provincial
26000450;Extendida;4;Estatal;Provincial
26000450;Extendida;5;Estatal;Provincial
26000460;Completa;6;Estatal;Provincial
26000470;Extendida;4;Estatal;Provincial
26000480;Completa;1;Estatal;Provincial
26000480;Completa;2;Estatal;Provincial
26000480;Completa;6;Estatal;Provincial
26000490;Completa;1;Estatal;Provincial
26000490;Completa;2;Estatal;Provincial
26000500;Completa;0;Estatal;Provincial
26000500;Completa;1;Estatal;Provincial
26000500;Completa;2;Estatal;Provincial
26000500;Completa;3;Estatal;Provincial
26000510;Completa;1;Estatal;Provincial
26000510;Completa;2;Estatal;Provincial
26000520;Completa;1;Estatal;Provincial
26000520;Completa;2;Estatal;Provincial
26000520;Completa;7;Estatal;Provincial
26000530;Completa;1;Estatal;Provincial
26000530;Completa;2;Estatal;Provincial
26000540;Completa;1;Estatal;Provincial
26000540;Completa;2;Estatal;Provincial
26000550;Completa;1;Estatal;Provincial
26000550;Completa;2;Estatal;Provincial
26000560;Completa;1;Privado;Provincial
26000560;Completa;2;Privado;Provincial
26000570;Completa;1;Estatal;Provincial
26000570;Completa;2;Estatal;Provincial
26000580;Completa;0;Estatal;Provincial
26000582;Completa;0;Estatal;Provincial
26000590;Completa;1;Estatal;Municipal
26000590;Completa;2;Estatal;Municipal
26000600;Extendida;4;Estatal;Provincial
26000600;Extendida;5;Estatal;Provincial
26000610;Completa;1;Estatal;Provincial
26000610;Completa;2;Estatal;Provincial
26000620;Completa;1;Privado;Provincial
26000620;Completa;2;Privado;Provincial
26000630;Completa;1;Estatal;Provincial
26000630;Completa;2;Estatal;Provincial
26000640;Completa;1;Estatal;Provincial
26000640;Completa;2;Estatal;Provincial
26000640;Completa;7;Estatal;Provincial
26000650;Completa;1;Estatal;Provincial
26000650;Completa;2;Estatal;Provincial
26000660;Completa;1;Estatal;Provincial
26000660;Completa;2;Estatal;Provincial
26000680;Completa;1;Estatal;Provincial
26000710;Completa;1;Estatal;Provincial
26000710;Completa;2;Estatal;Provincial
26000711;Completa;3;Estatal;Provincial
26000720;Completa;1;Estatal;Provincial
26000720;Completa;6;Estatal;Provincial
26000730;Completa;1;Estatal;Provincial
26000730;Completa;2;Estatal;Provincial
26000740;Completa;1;Estatal;Provincial
26000740;Completa;2;Estatal;Provincial
26000750;Completa;1;Estatal;Provincial
26000750;Completa;2;Estatal;Provincial
26000750;Completa;7;Estatal;Provincial
26000760;Completa;1;Estatal;Provincial
26000760;Completa;2;Estatal;Provincial
26000760;Extendida;4;Estatal;Provincial
26000780;Completa;1;Estatal;Provincial
26000780;Completa;2;Estatal;Provincial
26000780;Completa;3;Estatal;Provincial
26000790;Extendida;4;Estatal;Provincial
26000790;Extendida;5;Estatal;Provincial
26000810;Completa;2;Estatal;Provincial
26000810;Completa;3;Estatal;Provincial
26000820;Completa;0;Privado;Provincial
26000830;Completa;1;Privado;Provincial
26000830;Completa;2;Privado;Provincial
26000830;Extendida;4;Privado;Provincial
26000840;Completa;1;Estatal;Provincial
26000840;Completa;2;Estatal;Provincial
26000840;Completa;6;Estatal;Provincial
26000850;Completa;1;Estatal;Provincial
26000850;Completa;2;Estatal;Provincial
26000860;Completa;1;Estatal;Provincial
26000860;Completa;2;Estatal;Provincial
26000870;Completa;1;Estatal;Provincial
26000870;Completa;2;Estatal;Provincial
26000880;Completa;1;Estatal;Provincial
26000880;Completa;2;Estatal;Provincial
26000890;Completa;1;Estatal;Provincial
26000890;Completa;2;Estatal;Provincial
26000900;Completa;1;Estatal;Provincial
26000900;Completa;2;Estatal;Provincial
26000910;Completa;1;Estatal;Provincial
26000910;Completa;2;Estatal;Provincial
26000920;Completa;6;Estatal;Provincial
26000930;Completa;6;Estatal;Provincial
26000940;Completa;6;Estatal;Provincial
26000950;Completa;3;Estatal;Provincial
26000950;Extendida;4;Estatal;Provincial
26000950;Completa;6;Estatal;Provincial
26000960;Completa;3;Estatal;Provincial
26000960;Extendida;4;Estatal;Provincial
26000970;Extendida;4;Estatal;Provincial
26000980;Completa;1;Estatal;Provincial
26000980;Completa;2;Estatal;Provincial
26000982;Completa;1;Estatal;Provincial
26000982;Completa;2;Estatal;Provincial
26000990;Completa;0;Privado;Provincial
26001000;Completa;1;Estatal;Provincial
26001000;Completa;2;Estatal;Provincial
26001010;Completa;1;Estatal;Provincial
26001010;Completa;2;Estatal;Provincial
26001040;Completa;1;Estatal;Provincial
26001040;Completa;2;Estatal;Provincial
26001050;Completa;1;Privado;Provincial
26001060;Completa;1;Estatal;Provincial
26001120;Completa;1;Estatal;Provincial
26001120;Completa;2;Estatal;Provincial
26001120;Completa;3;Estatal;Provincial
26001130;Completa;1;Privado;Provincial
26001140;Completa;1;Estatal;Municipal
26001150;Extendida;4;Estatal;Provincial
26001160;Extendida;4;Estatal;Provincial
26001160;Extendida;5;Estatal;Provincial
26001170;Completa;1;Estatal;Municipal
26001170;Completa;2;Estatal;Municipal
26001171;Completa;1;Estatal;Municipal
26001171;Completa;2;Estatal;Municipal
26001172;Completa;1;Estatal;Municipal
26001172;Completa;2;Estatal;Municipal
26001180;Completa;6;Estatal;Provincial
26001190;Completa;0;Estatal;Provincial
26001192;Completa;0;Estatal;Provincial
26001200;Completa;1;Estatal;Provincial
26001200;Completa;2;Estatal;Provincial
26001210;Completa;1;Estatal;Provincial
26001210;Completa;2;Estatal;Provincial
26001220;Completa;1;Estatal;Provincial
26001220;Completa;2;Estatal;Provincial
26001220;Completa;7;Estatal;Provincial
26001240;Completa;6;Estatal;Provincial
26001260;Completa;1;Estatal;Provincial
26001260;Completa;2;Estatal;Provincial
26001270;Completa;1;Estatal;Provincial
26001270;Completa;2;Estatal;Provincial
26001280;Completa;1;Gestión social/cooperativa;Provincial
26001280;Completa;2;Gestión social/cooperativa;Provincial
26001290;Completa;1;Gestión social/cooperativa;Provincial
26001290;Completa;2;Gestión social/cooperativa;Provincial
26001300;Completa;6;Estatal;Provincial
26001310;Completa;1;Estatal;Provincial
26001310;Completa;2;Estatal;Provincial
26001320;Completa;1;Estatal;Provincial
26001320;Completa;2;Estatal;Provincial
26001321;Completa;3;Estatal;Provincial
26001330;Extendida;4;Estatal;Provincial
26001340;Completa;2;Privado;Provincial
26001350;Completa;0;Estatal;Provincial
26001360;Completa;1;Estatal;Provincial
26001360;Completa;2;Estatal;Provincial
26001370;Completa;2;Estatal;Provincial
26001370;Extendida;4;Estatal;Provincial
26001380;Completa;3;Estatal;Municipal
26001390;Completa;1;Estatal;Provincial
26001390;Completa;2;Estatal;Provincial
26001410;Completa;1;Estatal;Provincial
26001410;Completa;2;Estatal;Provincial
26001420;Extendida;4;Estatal;Provincial
26001420;Extendida;5;Estatal;Provincial
26001430;Completa;1;Estatal;Provincial
26001430;Completa;2;Estatal;Provincial
26001440;Extendida;4;Privado;Provincial
26001440;Completa;6;Privado;Provincial
26001460;Extendida;4;Estatal;Provincial
26001460;Extendida;5;Estatal;Provincial
26001490;Completa;1;Privado;Provincial
26001490;Extendida;4;Privado;Provincial
26001491;Completa;1;Privado;Provincial
26001491;Completa;2;Privado;Provincial
26001510;Extendida;4;Estatal;Provincial
26001510;Extendida;5;Estatal;Provincial
26001520;Completa;1;Estatal;Provincial
26001520;Completa;2;Estatal;Provincial
26001530;Completa;1;Estatal;Provincial
26001530;Completa;2;Estatal;Provincial
26001540;Completa;1;Estatal;Provincial
26001540;Completa;2;Estatal;Provincial
26001550;Completa;0;Estatal;Provincial
26001551;Completa;2;Estatal;Provincial
26001552;Completa;2;Estatal;Provincial
26001552;Completa;3;Estatal;Provincial
26001554;Completa;0;Estatal;Provincial
26001554;Completa;3;Estatal;Provincial
26001555;Completa;3;Estatal;Provincial
26001556;Completa;2;Estatal;Provincial
26001556;Completa;3;Estatal;Provincial
26001560;Completa;1;Estatal;Provincial
26001560;Completa;2;Estatal;Provincial
26001570;Completa;0;Estatal;Provincial
26001572;Completa;0;Estatal;Provincial
26001580;Completa;1;Estatal;Provincial
26001580;Completa;2;Estatal;Provincial
26001600;Completa;1;Estatal;Provincial
26001600;Completa;2;Estatal;Provincial
26001610;Extendida;4;Estatal;Provincial
26001610;Extendida;5;Estatal;Provincial
26001620;Completa;1;Estatal;Provincial
26001620;Completa;2;Estatal;Provincial
26001630;Completa;1;Estatal;Provincial
26001640;Completa;1;Estatal;Provincial
26001640;Completa;2;Estatal;Provincial
26001642;Completa;6;Estatal;Provincial
26001643;Completa;6;Estatal;Provincial
26001650;Completa;1;Estatal;Provincial
26001650;Completa;2;Estatal;Provincial
26001650;Completa;3;Estatal;Provincial
26001660;Completa;2;Estatal;Provincial
26001660;Completa;3;Estatal;Provincial
26001670;Completa;6;Estatal;Provincial
26001680;Completa;1;Estatal;Provincial
26001680;Completa;2;Estatal;Provincial
26001680;Completa;3;Estatal;Provincial
26001680;Completa;7;Estatal;Provincial
26001690;Extendida;4;Estatal;Provincial
26001690;Extendida;5;Estatal;Provincial
26001710;Extendida;4;Estatal;Provincial
26001710;Completa;6;Estatal;Provincial
26001720;Completa;6;Estatal;Provincial
26001730;Completa;1;Estatal;Provincial
26001730;Completa;2;Estatal;Provincial
26001740;Completa;6;Estatal;Provincial
26001750;Completa;1;Estatal;Provincial
26001750;Completa;2;Estatal;Provincial
26001760;Completa;1;Estatal;Municipal
26001760;Completa;2;Estatal;Municipal
26001790;Completa;1;Estatal;Provincial
26001790;Completa;2;Estatal;Provincial
26001800;Extendida;4;Estatal;Provincial
26001800;Extendida;5;Estatal;Provincial
26001830;Completa;1;Estatal;Provincial
26001830;Completa;6;Estatal;Provincial
26001840;Completa;1;Estatal;Provincial
26001840;Completa;2;Estatal;Provincial
26001850;Completa;6;Estatal;Provincial
26001860;Extendida;4;Estatal;Provincial
26001860;Extendida;5;Estatal;Provincial
26001870;Completa;3;Estatal;Provincial
26001870;Completa;6;Estatal;Provincial
26001880;Completa;6;Estatal;Provincial
26001890;Completa;1;Estatal;Provincial
26001892;Extendida;4;Estatal;Provincial
26001900;Completa;2;Estatal;Provincial
26001910;Completa;3;Estatal;Provincial
26001910;Completa;6;Estatal;Provincial
26001930;Extendida;4;Estatal;Provincial
26001940;Completa;1;Estatal;Provincial
26001940;Completa;2;Estatal;Provincial
26001950;Completa;1;Estatal;Provincial
26001950;Completa;2;Estatal;Provincial
26001990;Completa;1;Estatal;Provincial
26001990;Completa;6;Estatal;Provincial
26002000;Completa;1;Estatal;Provincial
26002000;Completa;6;Estatal;Provincial
26002010;Completa;1;Estatal;Provincial
26002020;Completa;1;Estatal;Provincial
26002020;Completa;2;Estatal;Provincial
26002040;Completa;2;Estatal;Provincial
26002040;Completa;3;Estatal;Provincial
26002050;Extendida;4;Estatal;Provincial
26002050;Extendida;5;Estatal;Provincial
26002060;Extendida;4;Estatal;Provincial
26002060;Extendida;5;Estatal;Provincial
26002070;Completa;1;Estatal;Provincial
26002070;Completa;2;Estatal;Provincial
26002080;Completa;1;Estatal;Provincial
26002080;Completa;2;Estatal;Provincial
26002080;Completa;3;Estatal;Provincial
26002110;Completa;1;Estatal;Provincial
26002110;Completa;2;Estatal;Provincial
26002120;Completa;1;Estatal;Provincial
26002120;Completa;2;Estatal;Provincial
26002140;Completa;1;Estatal;Provincial
26002140;Extendida;4;Estatal;Provincial
26002150;Completa;1;Estatal;Provincial
26002150;Completa;2;Estatal;Provincial
26002160;Completa;1;Estatal;Provincial
26002160;Completa;2;Estatal;Provincial
26002160;Extendida;4;Estatal;Provincial
26002170;Completa;1;Estatal;Provincial
26002170;Completa;2;Estatal;Provincial
26002170;Completa;6;Estatal;Provincial
26002180;Completa;6;Estatal;Provincial
26002180;Completa;7;Estatal;Provincial
26002190;Completa;1;Estatal;Provincial
26002190;Completa;2;Estatal;Provincial
26002190;Completa;7;Estatal;Provincial
26002200;Completa;2;Estatal;Provincial
26002200;Completa;3;Estatal;Provincial
26002210;Completa;1;Estatal;Provincial
26002210;Completa;2;Estatal;Provincial
26002220;Completa;3;Estatal;Provincial
26002240;Completa;6;Estatal;Provincial
26002250;Completa;6;Estatal;Provincial
26002260;Completa;6;Estatal;Provincial
26002270;Completa;1;Estatal;Provincial
26002270;Completa;6;Estatal;Provincial
26002280;Completa;6;Estatal;Provincial
26002290;Completa;1;Estatal;Provincial
26002290;Completa;2;Estatal;Provincial
26002300;Completa;1;Estatal;Provincial
26002300;Completa;2;Estatal;Provincial
26002302;Extendida;4;Estatal;Provincial
26002303;Completa;6;Estatal;Provincial
26002304;Extendida;4;Estatal;Provincial
26002305;Completa;6;Estatal;Provincial
26002306;Completa;6;Estatal;Provincial
26002307;Completa;6;Estatal;Provincial
26002310;Completa;6;Estatal;Provincial
26002320;Completa;1;Estatal;Provincial
26002320;Completa;2;Estatal;Provincial
26002330;Completa;1;Estatal;Provincial
26002330;Completa;2;Estatal;Provincial
26002350;Completa;1;Estatal;Provincial
26002350;Completa;2;Estatal;Provincial
26002360;Extendida;5;Estatal;Provincial
26002370;Completa;1;Estatal;Provincial
26002380;Completa;1;Estatal;Provincial
26002380;Completa;2;Estatal;Provincial
26002390;Completa;1;Privado;Provincial
26002390;Completa;2;Privado;Provincial
26002400;Completa;1;Privado;Provincial
26002400;Completa;2;Privado;Provincial
26002410;Completa;1;Privado;Provincial
26002410;Completa;2;Privado;Provincial
26002420;Completa;1;Estatal;Provincial
26002420;Completa;2;Estatal;Provincial
26002430;Completa;1;Estatal;Provincial
26002430;Completa;2;Estatal;Provincial
26002450;Completa;6;Estatal;Provincial
26002460;Extendida;4;Estatal;Provincial
26002460;Extendida;5;Estatal;Provincial
26002470;Extendida;4;Estatal;Provincial
26002480;Completa;1;Estatal;Provincial
26002480;Completa;2;Estatal;Provincial
26002500;Completa;1;Estatal;Provincial
26002501;Completa;3;Estatal;Provincial
26002510;Extendida;4;Estatal;Provincial
26002520;Completa;2;Estatal;Provincial
26002530;Completa;6;Estatal;Provincial
26002540;Completa;1;Estatal;Provincial
26002540;Completa;6;Estatal;Provincial
26002550;Completa;1;Estatal;Provincial
26002550;Completa;2;Estatal;Provincial
26002560;Completa;6;Estatal;Provincial
26002580;Completa;1;Estatal;Provincial
26002580;Completa;2;Estatal;Provincial
26002590;Completa;1;Estatal;Provincial
26002590;Completa;2;Estatal;Provincial
26002591;Completa;1;Estatal;Provincial
26002591;Completa;2;Estatal;Provincial
26002592;Completa;1;Estatal;Provincial
26002592;Completa;2;Estatal;Provincial
26002600;Completa;1;Estatal;Provincial
26002600;Completa;2;Estatal;Provincial
26002610;Completa;1;Estatal;Provincial
26002610;Completa;2;Estatal;Provincial
26002611;Completa;1;Estatal;Provincial
26002620;Extendida;4;Estatal;Provincial
26002630;Completa;6;Estatal;Provincial
26002640;Completa;2;Estatal;Provincial
26002640;Completa;3;Estatal;Provincial
26002650;Completa;0;Estatal;Provincial
26002660;Completa;1;Estatal;Provincial
26002660;Completa;2;Estatal;Provincial
26002660;Completa;3;Estatal;Provincial
26002670;Completa;1;Estatal;Provincial
26002670;Completa;2;Estatal;Provincial
26002680;Completa;2;Estatal;Provincial
26002690;Completa;1;Privado;Provincial
26002700;Extendida;4;Estatal;Provincial
26002700;Extendida;5;Estatal;Provincial
26002710;Extendida;4;Estatal;Provincial
26002710;Extendida;5;Estatal;Provincial
26002720;Completa;1;Estatal;Provincial
26002720;Completa;2;Estatal;Provincial
26002730;Completa;1;Estatal;Provincial
26002730;Completa;2;Estatal;Provincial
26002740;Completa;1;Estatal;Provincial
26002740;Completa;2;Estatal;Provincial
26002760;Completa;1;Estatal;Provincial
26002760;Completa;2;Estatal;Provincial
26002770;Completa;1;Estatal;Provincial
26002770;Completa;2;Estatal;Provincial
26002780;Completa;1;Estatal;Provincial
26002780;Completa;2;Estatal;Provincial
26002790;Completa;1;Estatal;Provincial
26002790;Completa;2;Estatal;Provincial
26002800;Extendida;4;Estatal;Provincial
26002800;Extendida;5;Estatal;Provincial
26002810;Completa;6;Estatal;Provincial
26002820;Extendida;4;Estatal;Provincial
26002830;Completa;1;Privado;Provincial
26002840;Completa;1;Estatal;Provincial
26002840;Completa;2;Estatal;Provincial
26002840;Completa;3;Estatal;Provincial
26002840;Completa;6;Estatal;Provincial
26002850;Completa;1;Privado;Provincial
26002850;Completa;2;Privado;Provincial
26002860;Extendida;4;Estatal;Provincial
26002860;Extendida;5;Estatal;Provincial
26002870;Completa;1;Estatal;Provincial
26002870;Completa;2;Estatal;Provincial
26002890;Extendida;4;Estatal;Provincial
26002890;Extendida;5;Estatal;Provincial
26002900;Completa;1;Estatal;Provincial
26002910;Completa;1;Privado;Provincial
26002920;Completa;6;Estatal;Provincial
26002930;Extendida;4;Estatal;Provincial
26002940;Completa;1;Estatal;Provincial
26002940;Completa;2;Estatal;Provincial
26002950;Extendida;4;Estatal;Provincial
26002960;Completa;1;Estatal;Provincial
26002960;Completa;2;Estatal;Provincial
26002970;Completa;1;Estatal;Provincial
26002970;Completa;2;Estatal;Provincial
26002980;Completa;1;Estatal;Provincial
26002980;Completa;2;Estatal;Provincial
26002990;Completa;1;Estatal;Provincial
26002990;Completa;2;Estatal;Provincial
26002991;Completa;1;Estatal;Provincial
26002991;Completa;2;Estatal;Provincial
26003000;Completa;6;Estatal;Provincial
26003022;Completa;1;Estatal;Provincial
26003022;Completa;2;Estatal;Provincial
26003030;Completa;1;Estatal;Provincial
26003030;Completa;2;Estatal;Provincial
26003040;Completa;1;Privado;Provincial
26003050;Completa;6;Estatal;Provincial
26003060;Completa;1;Estatal;Provincial
26003070;Completa;1;Privado;Provincial
26003070;Completa;2;Privado;Provincial
26003080;Completa;1;Estatal;Provincial
26003080;Completa;2;Estatal;Provincial
26003090;Completa;1;Estatal;Provincial
26003090;Completa;2;Estatal;Provincial
26003100;Completa;1;Estatal;Provincial
26003100;Completa;2;Estatal;Provincial
26003120;Completa;0;Estatal;Provincial
26003120;Completa;2;Estatal;Provincial
26003120;Completa;3;Estatal;Provincial
26003130;Completa;6;Estatal;Provincial
26003150;Completa;1;Estatal;Provincial
26003150;Completa;2;Estatal;Provincial
26003160;Completa;3;Estatal;Provincial
26003160;Completa;6;Estatal;Provincial
26003170;Completa;1;Privado;Provincial
26003170;Completa;2;Privado;Provincial
26003180;Completa;1;Privado;Provincial
26003180;Completa;2;Privado;Provincial
26003190;Completa;2;Estatal;Provincial
26003200;Extendida;4;Estatal;Provincial
26003200;Extendida;5;Estatal;Provincial
26003210;Extendida;4;Estatal;Provincial
26003220;Extendida;4;Estatal;Provincial
26003240;Completa;1;Estatal;Provincial
26003240;Completa;2;Estatal;Provincial
26003250;Extendida;4;Estatal;Provincial
26003260;Completa;1;Estatal;Provincial
26003260;Completa;2;Estatal;Provincial
26003270;Completa;1;Estatal;Provincial
26003270;Completa;2;Estatal;Provincial
26003280;Completa;1;Estatal;Provincial
26003280;Completa;2;Estatal;Provincial
26003290;Completa;6;Estatal;Provincial
26003300;Completa;1;Estatal;Provincial
26003300;Completa;6;Estatal;Provincial
26003310;Completa;1;Estatal;Provincial
26003310;Completa;2;Estatal;Provincial
26003330;Completa;1;Estatal;Provincial
26003330;Completa;2;Estatal;Provincial
26003330;Completa;6;Estatal;Provincial
26003340;Completa;2;Estatal;Provincial
26003340;Completa;3;Estatal;Provincial
26003360;Completa;0;Estatal;Provincial
26003370;Completa;1;Estatal;Provincial
26003370;Extendida;4;Estatal;Provincial
26003380;Completa;6;Estatal;Provincial
26003390;Completa;1;Estatal;Provincial
26003390;Completa;2;Estatal;Provincial
26003400;Completa;1;Estatal;Provincial
26003400;Completa;2;Estatal;Provincial
26003430;Completa;1;Privado;Provincial
26003430;Completa;2;Privado;Provincial
26003430;Completa;6;Privado;Provincial
26003450;Completa;1;Estatal;Provincial
26003450;Completa;2;Estatal;Provincial
26003490;Completa;1;Privado;Provincial
26003510;Completa;1;Privado;Provincial
26003510;Completa;2;Privado;Provincial
26003520;Completa;6;Estatal;Provincial
26003530;Completa;6;Estatal;Provincial
26003550;Completa;1;Estatal;Provincial
26003550;Completa;2;Estatal;Provincial
26003550;Completa;3;Estatal;Provincial
26003560;Completa;1;Estatal;Provincial
26003560;Completa;2;Estatal;Provincial
26003570;Completa;1;Estatal;Provincial
26003570;Completa;2;Estatal;Provincial
26003590;Completa;1;Estatal;Provincial
26003590;Completa;6;Estatal;Provincial
26003610;Completa;6;Estatal;Provincial
26003640;Completa;6;Estatal;Provincial
26003660;Completa;2;Privado;Provincial
26003670;Completa;6;Estatal;Provincial
26003680;Completa;6;Privado;Provincial
26003690;Completa;2;Privado;Provincial
26003700;Completa;1;Estatal;Provincial
26003700;Completa;2;Estatal;Provincial
26003710;Completa;1;Estatal;Provincial
26003710;Completa;2;Estatal;Provincial
26003720;Completa;1;Estatal;Provincial
26003720;Completa;2;Estatal;Provincial
26003730;Completa;1;Estatal;Municipal
26003730;Completa;2;Estatal;Municipal
26003740;Completa;1;Estatal;Municipal
26003740;Completa;2;Estatal;Municipal
26003740;Completa;3;Estatal;Municipal
26003750;Completa;6;Estatal;Provincial
26003760;Completa;1;Estatal;Provincial
26003760;Completa;2;Estatal;Provincial
26003770;Extendida;4;Estatal;Provincial
26003770;Extendida;5;Estatal;Provincial
26003780;Completa;1;Estatal;Provincial
26003780;Completa;2;Estatal;Provincial
26003790;Completa;6;Estatal;Provincial
26003810;Completa;6;Estatal;Provincial
26003820;Completa;1;Estatal;Provincial
26003820;Completa;2;Estatal;Provincial
26003830;Completa;1;Privado;Provincial
26003830;Completa;2;Privado;Provincial
26003830;Completa;6;Privado;Provincial
26003840;Completa;1;Estatal;Provincial
26003840;Completa;2;Estatal;Provincial
26003850;Completa;1;Estatal;Provincial
26003850;Completa;2;Estatal;Provincial
26003860;Completa;2;Privado;Provincial
26003870;Completa;6;Estatal;Provincial
26003880;Completa;1;Estatal;Provincial
26003880;Completa;2;Estatal;Provincial
26003890;Completa;1;Estatal;Provincial
26003890;Completa;2;Estatal;Provincial
26003900;Completa;1;Estatal;Provincial
26003900;Completa;2;Estatal;Provincial
26003910;Completa;1;Estatal;Provincial
26003910;Completa;2;Estatal;Provincial
26003920;Completa;1;Estatal;Provincial
26003920;Completa;2;Estatal;Provincial
26003930;Completa;1;Estatal;Provincial
26003930;Completa;2;Estatal;Provincial
26003940;Extendida;4;Estatal;Provincial
26003950;Completa;1;Estatal;Provincial
26003950;Completa;2;Estatal;Provincial
26003960;Completa;1;Estatal;Provincial
26003960;Completa;2;Estatal;Provincial
26003970;Completa;1;Estatal;Provincial
26003970;Completa;2;Estatal;Provincial
26003970;Completa;3;Estatal;Provincial
26003980;Completa;1;Estatal;Provincial
26003980;Completa;2;Estatal;Provincial
26003990;Completa;1;Estatal;Provincial
26003990;Completa;2;Estatal;Provincial
26004000;Completa;1;Estatal;Provincial
26004000;Completa;2;Estatal;Provincial
26004010;Extendida;4;Estatal;Provincial
26004010;Extendida;5;Estatal;Provincial
26004020;Completa;6;Estatal;Provincial
26004030;Completa;1;Estatal;Provincial
26004030;Completa;2;Estatal;Provincial
26004050;Completa;1;Estatal;Municipal
26004050;Completa;2;Estatal;Municipal
26004060;Extendida;4;Estatal;Provincial
26004060;Extendida;5;Estatal;Provincial
26004070;Completa;1;Estatal;Provincial
26004070;Completa;2;Estatal;Provincial
26004080;Completa;1;Estatal;Provincial
26004080;Completa;2;Estatal;Provincial
26004090;Completa;1;Estatal;Provincial
26004090;Completa;2;Estatal;Provincial
26004110;Completa;6;Estatal;Provincial
26004120;Extendida;4;Estatal;Provincial
26004120;Extendida;5;Estatal;Provincial
26004130;Extendida;4;Estatal;Provincial
26004160;Completa;1;Privado;Provincial
26004160;Completa;2;Privado;Provincial
26004170;Completa;1;Estatal;Provincial
26004170;Completa;2;Estatal;Provincial
26004170;Completa;3;Estatal;Provincial
26004180;Completa;1;Estatal;Provincial
26004180;Completa;2;Estatal;Provincial
26004190;Completa;3;Estatal;Provincial
26004190;Extendida;4;Estatal;Provincial
26004190;Extendida;5;Estatal;Provincial
26004200;Completa;1;Estatal;Provincial
26004200;Completa;2;Estatal;Provincial
26004200;Completa;3;Estatal;Provincial
26004210;Completa;1;Estatal;Provincial
26004210;Completa;2;Estatal;Provincial
26004220;Completa;1;Estatal;Provincial
26004220;Completa;2;Estatal;Provincial
26004230;Completa;2;Estatal;Provincial
26004240;Completa;1;Estatal;Provincial
26004240;Completa;2;Estatal;Provincial
26004250;Completa;1;Estatal;Provincial
26004250;Completa;2;Estatal;Provincial
26004260;Completa;1;Estatal;Provincial
26004260;Completa;2;Estatal;Provincial
26004270;Completa;1;Estatal;Provincial
26004270;Completa;2;Estatal;Provincial
26004271;Completa;1;Estatal;Provincial
26004271;Completa;2;Estatal;Provincial
26004280;Completa;1;Estatal;Provincial
26004280;Completa;2;Estatal;Provincial
26004290;Completa;1;Estatal;Provincial
26004290;Completa;2;Estatal;Provincial
26004300;Completa;1;Privado;Provincial
26004301;Completa;3;Privado;Provincial
26004301;Completa;6;Privado;Provincial
26004310;Completa;1;Privado;Provincial
26004320;Completa;1;Privado;Provincial
26004330;Completa;3;Privado;Provincial
26004350;Completa;1;Privado;Provincial
26004360;Completa;1;Privado;Provincial
26004370;Completa;2;Estatal;Provincial
26004370;Completa;3;Estatal;Provincial
26004390;Completa;1;Privado;Provincial
26004390;Extendida;4;Privado;Provincial
26004400;Extendida;4;Privado;Provincial
26004440;Completa;1;Privado;Provincial
26004450;Completa;1;Privado;Provincial
26004460;Completa;1;Privado;Provincial
26004470;Completa;1;Privado;Provincial
26004480;Extendida;4;Estatal;Provincial
26004490;Completa;1;Estatal;Provincial
26004490;Completa;2;Estatal;Provincial
26004510;Completa;1;Estatal;Provincial
26004510;Completa;2;Estatal;Provincial
26004570;Completa;1;Estatal;Provincial
26004570;Completa;2;Estatal;Provincial
26004570;Completa;3;Estatal;Provincial
26004571;Completa;1;Estatal;Provincial
26004580;Completa;1;Estatal;Provincial
26004580;Completa;2;Estatal;Provincial
26004590;Completa;1;Estatal;Provincial
26004590;Completa;2;Estatal;Provincial
26004600;Completa;1;Estatal;Provincial
26004600;Completa;2;Estatal;Provincial
26004601;Completa;2;Estatal;Provincial
26004601;Completa;3;Estatal;Provincial
26004610;Completa;1;Estatal;Provincial
26004610;Completa;2;Estatal;Provincial
26004610;Completa;3;Estatal;Provincial
26004610;Completa;7;Estatal;Provincial
26004611;Completa;1;Estatal;Provincial
26004611;Completa;2;Estatal;Provincial
26004630;Completa;1;Estatal;Provincial
26004630;Completa;2;Estatal;Provincial
26004630;Completa;3;Estatal;Provincial
26004632;Completa;1;Estatal;Provincial
26004632;Completa;2;Estatal;Provincial
26004634;Completa;1;Estatal;Provincial
26004634;Completa;2;Estatal;Provincial
26004634;Completa;3;Estatal;Provincial
26004634;Completa;6;Estatal;Provincial
26004640;Completa;1;Estatal;Provincial
26004640;Completa;2;Estatal;Provincial
26004640;Completa;3;Estatal;Provincial
26004650;Completa;1;Estatal;Provincial
26004650;Completa;2;Estatal;Provincial
26004650;Completa;3;Estatal;Provincial
26004670;Completa;1;Estatal;Provincial
26004670;Completa;2;Estatal;Provincial
26004670;Completa;3;Estatal;Provincial
26004680;Completa;1;Estatal;Provincial
26004680;Completa;2;Estatal;Provincial
26004680;Completa;3;Estatal;Provincial
26004700;Completa;6;Estatal;Provincial
26004710;Completa;1;Privado;Provincial
26004710;Completa;2;Privado;Provincial
26004720;Completa;1;Estatal;Provincial
26004720;Completa;2;Estatal;Provincial
26004730;Completa;1;Privado;Provincial
26004730;Completa;2;Privado;Provincial
26004770;Completa;0;Privado;Provincial
26004820;Completa;0;Privado;Provincial
26004820;Completa;6;Privado;Provincial
26004830;Completa;3;Gestión social/cooperativa;Provincial
26004840;Completa;1;Privado;Provincial
26004860;Completa;0;Privado;Provincial
26004870;Completa;1;Estatal;Provincial
26004880;Completa;1;Estatal;Provincial
26004880;Completa;2;Estatal;Provincial
26004883;Completa;1;Estatal;Provincial
26004883;Completa;2;Estatal;Provincial
26004890;Completa;1;Estatal;Provincial
26004890;Completa;2;Estatal;Provincial
26004920;Completa;1;Estatal;Provincial
26004920;Completa;2;Estatal;Provincial
26004930;Completa;1;Estatal;Provincial
26004930;Completa;2;Estatal;Provincial
26004931;Completa;1;Estatal;Provincial
26004931;Completa;2;Estatal;Provincial
26004940;Completa;1;Estatal;Provincial
26004940;Completa;2;Estatal;Provincial
26004950;Completa;6;Estatal;Provincial
26004951;Completa;2;Estatal;Provincial
26004970;Completa;1;Estatal;Provincial
26004970;Completa;2;Estatal;Provincial
26004970;Extendida;4;Estatal;Provincial
26004980;Completa;1;Estatal;Provincial
26004980;Completa;2;Estatal;Provincial
26004990;Completa;1;Estatal;Provincial
26004990;Completa;2;Estatal;Provincial
26005000;Completa;1;Estatal;Provincial
26005000;Completa;2;Estatal;Provincial
26005001;Completa;1;Estatal;Provincial
26005001;Completa;2;Estatal;Provincial
26005002;Completa;1;Estatal;Provincial
26005002;Completa;2;Estatal;Provincial
26005030;Completa;3;Estatal;Provincial
26005082;Completa;2;Estatal;Municipal
26005083;Completa;1;Estatal;Municipal
26005083;Completa;2;Estatal;Municipal
26005084;Completa;1;Estatal;Municipal
26005084;Completa;2;Estatal;Municipal
26005085;Completa;1;Estatal;Municipal
26005085;Completa;2;Estatal;Municipal
26005086;Completa;1;Estatal;Municipal
26005086;Completa;2;Estatal;Municipal
26005087;Completa;1;Estatal;Municipal
26005087;Completa;2;Estatal;Municipal
26005100;Completa;0;Privado;Provincial
26005120;Completa;1;Estatal;Provincial
26005120;Completa;2;Estatal;Provincial
26005130;Completa;1;Estatal;Provincial
26005130;Completa;2;Estatal;Provincial
26005140;Completa;1;Estatal;Provincial
26005140;Completa;2;Estatal;Provincial
26005150;Completa;1;Estatal;Provincial
26005150;Completa;2;Estatal;Provincial
26005160;Completa;1;Estatal;Provincial
26005160;Completa;2;Estatal;Provincial
26005180;Completa;6;Estatal;Provincial
26005190;Completa;1;Estatal;Provincial
26005190;Completa;2;Estatal;Provincial
26005200;Extendida;5;Estatal;Provincial
26005210;Completa;1;Estatal;Provincial
26005210;Completa;2;Estatal;Provincial
26005220;Completa;1;Estatal;Provincial
26005220;Completa;2;Estatal;Provincial
26005230;Completa;1;Estatal;Provincial
26005230;Completa;2;Estatal;Provincial
26005240;Completa;1;Estatal;Provincial
26005240;Completa;2;Estatal;Provincial
26005250;Completa;1;Estatal;Provincial
26005250;Completa;2;Estatal;Provincial
26005251;Completa;1;Estatal;Provincial
26005251;Completa;2;Estatal;Provincial
26005260;Completa;1;Estatal;Provincial
26005260;Completa;2;Estatal;Provincial
26005270;Extendida;4;Estatal;Provincial
26005280;Completa;1;Estatal;Municipal
26005280;Completa;2;Estatal;Municipal
26005290;Completa;1;Estatal;Municipal
26005290;Completa;2;Estatal;Municipal
26005300;Completa;1;Estatal;Municipal
26005300;Completa;2;Estatal;Municipal
26005310;Completa;1;Estatal;Municipal
26005310;Completa;2;Estatal;Municipal
26005330;Extendida;4;Estatal;Municipal
26005331;Extendida;4;Estatal;Municipal
26005333;Extendida;4;Estatal;Municipal
26005334;Extendida;4;Estatal;Municipal
26005335;Extendida;4;Estatal;Municipal
26005336;Extendida;4;Estatal;Municipal
26005337;Extendida;4;Estatal;Municipal
26005339;Extendida;4;Estatal;Municipal
26005340;Completa;6;Privado;Provincial
26005360;Completa;1;Estatal;Provincial
26005360;Completa;2;Estatal;Provincial
26005390;Extendida;4;Privado;Provincial
26005400;Extendida;4;Privado;Provincial
26005430;Completa;1;Estatal;Provincial
26005430;Completa;2;Estatal;Provincial
26005440;Completa;1;Estatal;Provincial
26005440;Completa;2;Estatal;Provincial
26005441;Completa;1;Estatal;Provincial
26005441;Completa;2;Estatal;Provincial
26005470;Completa;1;Estatal;Provincial
26005470;Completa;2;Estatal;Provincial
26005480;Completa;1;Estatal;Provincial
26005480;Completa;2;Estatal;Provincial
26005510;Completa;1;Estatal;Provincial
26005510;Completa;2;Estatal;Provincial
26005520;Completa;1;Estatal;Provincial
26005520;Completa;2;Estatal;Provincial
26005520;Completa;3;Estatal;Provincial
26005530;Completa;1;Estatal;Provincial
26005530;Completa;2;Estatal;Provincial
26005540;Completa;1;Estatal;Provincial
26005540;Completa;2;Estatal;Provincial
26005540;Completa;3;Estatal;Provincial
26005540;Completa;6;Estatal;Provincial
26005550;Completa;1;Estatal;Provincial
26005550;Completa;2;Estatal;Provincial
26005570;Completa;1;Estatal;Provincial
26005570;Completa;2;Estatal;Provincial
26005570;Completa;3;Estatal;Provincial
26005580;Completa;1;Estatal;Provincial
26005580;Completa;2;Estatal;Provincial
26005600;Completa;1;Gestión social/cooperativa;Provincial
26005620;Completa;0;Privado;Provincial
26005621;Completa;0;Privado;Provincial
26005630;Completa;1;Estatal;Provincial
26005630;Completa;2;Estatal;Provincial
26005630;Completa;3;Estatal;Provincial
26005640;Completa;2;Estatal;Provincial
26005650;Completa;1;Estatal;Provincial
26005650;Completa;2;Estatal;Provincial
26005660;Completa;1;Estatal;Provincial
26005660;Completa;2;Estatal;Provincial
26005660;Completa;3;Estatal;Provincial
26005670;Completa;1;Estatal;Provincial
26005670;Completa;2;Estatal;Provincial
26005670;Completa;3;Estatal;Provincial
26005690;Completa;1;Estatal;Provincial
26005690;Completa;2;Estatal;Provincial
26005700;Completa;1;Estatal;Municipal
26005700;Completa;2;Estatal;Municipal
26005720;Completa;1;Estatal;Provincial
26005720;Completa;2;Estatal;Provincial
26005721;Completa;3;Estatal;Provincial
26005760;Completa;1;Estatal;Provincial
26005760;Completa;2;Estatal;Provincial
26005760;Completa;3;Estatal;Provincial
26005770;Completa;1;Estatal;Municipal
26005770;Completa;2;Estatal;Municipal
26005780;Completa;0;Estatal;Provincial
26005790;Completa;1;Estatal;Provincial
26005790;Completa;2;Estatal;Provincial
26005790;Extendida;4;Estatal;Provincial
26005800;Completa;6;Gestión social/cooperativa;Provincial
26005810;Completa;1;Estatal;Provincial
26005810;Completa;2;Estatal;Provincial
26005811;Completa;3;Estatal;Provincial
26005820;Completa;1;Estatal;Provincial
26005820;Completa;3;Estatal;Provincial
26005830;Extendida;4;Estatal;Municipal
26005831;Completa;1;Estatal;Municipal
26005840;Completa;1;Estatal;Provincial
26005840;Completa;2;Estatal;Provincial
26005850;Completa;1;Estatal;Provincial
26005870;Completa;1;Estatal;Provincial
26005870;Completa;2;Estatal;Provincial
26005880;Completa;1;Privado;Provincial
26005890;Completa;1;Estatal;Municipal
26005890;Completa;2;Estatal;Municipal
26005900;Completa;6;Estatal;Provincial
26005901;Completa;3;Estatal;Provincial
26005910;Extendida;4;Privado;Provincial
26005920;Completa;1;Estatal;Provincial
26005920;Completa;2;Estatal;Provincial
26005930;Extendida;5;Privado;Provincial
26005940;Completa;1;Privado;Provincial
26005940;Completa;2;Privado;Provincial
26005950;Completa;2;Estatal;Provincial
26005950;Completa;3;Estatal;Provincial
26005960;Completa;1;Estatal;Provincial
26005960;Completa;2;Estatal;Provincial
26005980;Completa;1;Estatal;Municipal
26005980;Completa;2;Estatal;Municipal
26005980;Completa;3;Estatal;Municipal
26005981;Completa;1;Estatal;Municipal
26005981;Completa;2;Estatal;Municipal
26005982;Completa;1;Estatal;Municipal
26005982;Completa;2;Estatal;Municipal
26005990;Completa;0;Privado;Provincial
26006000;Completa;1;Privado;Provincial
26006020;Completa;1;Estatal;Provincial
26006020;Completa;2;Estatal;Provincial
26006020;Completa;3;Estatal;Provincial
26006020;Completa;6;Estatal;Provincial
26006040;Completa;1;Estatal;Provincial
26006040;Completa;2;Estatal;Provincial
26006060;Completa;1;Estatal;Provincial
26006060;Completa;2;Estatal;Provincial
26006110;Completa;0;Privado;Provincial
26006111;Completa;0;Privado;Provincial
26006120;Completa;3;Estatal;Municipal
26006121;Completa;1;Estatal;Municipal
26006121;Completa;2;Estatal;Municipal
26006122;Completa;1;Estatal;Municipal
26006123;Completa;1;Estatal;Municipal
26006123;Completa;2;Estatal;Municipal
26006124;Completa;1;Estatal;Municipal
26006125;Completa;1;Estatal;Municipal
26006126;Completa;1;Estatal;Municipal
26006130;Completa;1;Estatal;Municipal
26006130;Completa;2;Estatal;Municipal
26006140;Completa;6;Gestión social/cooperativa;Provincial
26006150;Completa;0;Privado;Provincial
26006160;Extendida;4;Privado;Provincial
26006170;Completa;1;Estatal;Provincial
26006170;Completa;2;Estatal;Provincial
26006180;Completa;1;Estatal;Provincial
26006180;Completa;2;Estatal;Provincial
26006190;Completa;1;Estatal;Provincial
26006190;Completa;2;Estatal;Provincial
26006191;Completa;1;Estatal;Provincial
26006191;Completa;2;Estatal;Provincial
26006200;Completa;2;Privado;Provincial
26006220;Completa;1;Estatal;Provincial
26006220;Completa;2;Estatal;Provincial
26006230;Completa;1;Gestión social/cooperativa;Provincial
26006230;Completa;2;Gestión social/cooperativa;Provincial
26006250;Completa;1;Estatal;Provincial
26006250;Completa;2;Estatal;Provincial
26006280;Extendida;4;Estatal;Provincial
26006280;Extendida;5;Estatal;Provincial
26006290;Completa;1;Privado;Provincial
26006290;Completa;2;Privado;Provincial
26006300;Completa;1;Privado;Provincial
26006300;Completa;2;Privado;Provincial
26006320;Completa;1;Estatal;Provincial
26006320;Completa;2;Estatal;Provincial
26006330;Completa;1;Estatal;Provincial
26006330;Completa;2;Estatal;Provincial
26006340;Completa;1;Estatal;Provincial
26006340;Completa;2;Estatal;Provincial
26006350;Completa;1;Estatal;Provincial
26006350;Completa;2;Estatal;Provincial
26006360;Completa;0;Estatal;Provincial
26006361;Completa;0;Estatal;Provincial
26006362;Completa;0;Estatal;Provincial
26006410;Completa;1;Privado;Provincial
26006411;Completa;1;Privado;Provincial
26006430;Extendida;4;Estatal;Provincial
26006430;Extendida;5;Estatal;Provincial
26006440;Completa;1;Estatal;Provincial
26006440;Completa;2;Estatal;Provincial
26006440;Completa;3;Estatal;Provincial
26006450;Completa;1;Estatal;Provincial
26006450;Completa;2;Estatal;Provincial
26006460;Completa;1;Estatal;Provincial
26006460;Completa;2;Estatal;Provincial
26006470;Completa;1;Estatal;Provincial
26006470;Completa;2;Estatal;Provincial
26006480;Completa;1;Estatal;Provincial
26006480;Completa;2;Estatal;Provincial
26006490;Completa;1;Estatal;Provincial
26006490;Completa;2;Estatal;Provincial
26006500;Completa;1;Estatal;Provincial
26006500;Completa;2;Estatal;Provincial
26006510;Completa;1;Estatal;Provincial
26006510;Completa;2;Estatal;Provincial
26006520;Completa;1;Estatal;Provincial
26006520;Completa;2;Estatal;Provincial
26006530;Completa;1;Estatal;Provincial
26006530;Completa;2;Estatal;Provincial
26006540;Completa;6;Gestión social/cooperativa;Provincial
26006550;Completa;2;Estatal;Provincial
26006550;Completa;6;Estatal;Provincial
26006560;Completa;1;Privado;Provincial
26006570;Completa;1;Privado;Provincial
26006580;Completa;1;Privado;Provincial
26006590;Completa;1;Privado;Provincial
26006600;Completa;1;Privado;Provincial
26006601;Extendida;4;Privado;Provincial
26006610;Completa;1;Estatal;Provincial
26006610;Completa;2;Estatal;Provincial
26006620;Completa;1;Estatal;Provincial
26006620;Completa;2;Estatal;Provincial
26006630;Completa;1;Estatal;Provincial
26006630;Completa;2;Estatal;Provincial
26006630;Extendida;4;Estatal;Provincial
26006640;Completa;1;Estatal;Provincial
26006640;Completa;2;Estatal;Provincial
26006650;Completa;1;Estatal;Provincial
26006650;Completa;2;Estatal;Provincial
26006651;Completa;1;Estatal;Provincial
26006651;Completa;2;Estatal;Provincial
26006670;Completa;2;Privado;Provincial
26006690;Extendida;4;Privado;Provincial
26006710;Completa;1;Estatal;Provincial
26006710;Completa;2;Estatal;Provincial
26006710;Completa;3;Estatal;Provincial
26006711;Completa;2;Estatal;Provincial
26006711;Completa;3;Estatal;Provincial
26006713;Completa;1;Estatal;Provincial
26006713;Completa;2;Estatal;Provincial
26006730;Completa;3;Estatal;Provincial
26006740;Completa;0;Privado;Provincial
26006750;Completa;0;Estatal;Provincial
26006750;Completa;3;Estatal;Provincial
26006751;Completa;3;Estatal;Provincial
26006760;Extendida;4;Estatal;Provincial
26006760;Extendida;5;Estatal;Provincial
26006770;Completa;1;Estatal;Provincial
26006770;Completa;2;Estatal;Provincial
26006780;Completa;1;Estatal;Provincial
26006780;Completa;2;Estatal;Provincial
26006790;Completa;1;Estatal;Provincial
26006800;Completa;1;Estatal;Provincial
26006800;Completa;2;Estatal;Provincial
26006810;Completa;1;Estatal;Provincial
26006810;Completa;2;Estatal;Provincial
26006820;Completa;1;Estatal;Provincial
26006820;Completa;2;Estatal;Provincial
26006830;Completa;1;Privado;Provincial
26006830;Completa;2;Privado;Provincial
26006840;Completa;6;Estatal;Provincial
26006860;Completa;1;Privado;Provincial
26006870;Completa;1;Estatal;Provincial
26006870;Completa;2;Estatal;Provincial
26006871;Completa;1;Estatal;Provincial
26006871;Completa;2;Estatal;Provincial
26006880;Completa;0;Privado;Provincial
26006940;Extendida;4;Privado;Provincial
26006970;Completa;1;Estatal;Provincial
26006970;Completa;2;Estatal;Provincial
26006980;Completa;1;Estatal;Provincial
26006980;Completa;2;Estatal;Provincial
26006990;Completa;2;Gestión social/cooperativa;Provincial
26007010;Completa;1;Estatal;Provincial
26007010;Completa;2;Estatal;Provincial
26007021;Completa;6;Estatal;Provincial
26007022;Completa;6;Estatal;Provincial
26007023;Completa;6;Estatal;Provincial
26007024;Completa;6;Estatal;Provincial
26007025;Completa;6;Estatal;Provincial
26007026;Completa;6;Estatal;Provincial
26007027;Completa;6;Estatal;Provincial
26007028;Completa;6;Estatal;Provincial
26007029;Completa;6;Estatal;Provincial
26007030;Completa;1;Estatal;Provincial
26007030;Completa;3;Estatal;Provincial
26007031;Completa;6;Estatal;Provincial
26007033;Completa;6;Estatal;Provincial
26007034;Completa;6;Estatal;Provincial
26007040;Completa;1;Gestión social/cooperativa;Provincial
26007050;Completa;1;Privado;Provincial
26007050;Completa;2;Privado;Provincial
26007060;Completa;1;Estatal;Provincial
26007060;Completa;3;Estatal;Provincial
26007070;Completa;1;Estatal;Provincial
26007070;Completa;2;Estatal;Provincial
26007080;Completa;1;Estatal;Provincial
26007080;Completa;2;Estatal;Provincial
26007090;Completa;1;Privado;Provincial
26007090;Completa;2;Privado;Provincial
26007120;Completa;1;Privado;Provincial
26007120;Completa;2;Privado;Provincial
26007130;Completa;6;Estatal;Provincial
26007150;Completa;1;Privado;Provincial
26007150;Completa;2;Privado;Provincial
26007160;Completa;1;Estatal;Municipal
26007160;Completa;2;Estatal;Municipal
26007180;Completa;1;Estatal;Provincial
26007180;Completa;7;Estatal;Provincial
26007190;Completa;1;Estatal;Provincial
26007190;Completa;2;Estatal;Provincial
26007201;Extendida;4;Estatal;Provincial
26007202;Extendida;4;Estatal;Provincial
26007204;Extendida;4;Estatal;Provincial
26007205;Extendida;4;Estatal;Provincial
26007206;Completa;6;Estatal;Provincial
26007207;Extendida;4;Estatal;Provincial
26007208;Completa;6;Estatal;Provincial
26007209;Completa;6;Estatal;Provincial
26007210;Completa;6;Estatal;Provincial
26007220;Completa;1;Estatal;Provincial
26007220;Completa;2;Estatal;Provincial
26007230;Completa;1;Estatal;Provincial
26007230;Completa;2;Estatal;Provincial
26007240;Completa;1;Estatal;Municipal
26007240;Completa;2;Estatal;Municipal
26007260;Completa;1;Estatal;Provincial
26007260;Completa;2;Estatal;Provincial
26007270;Completa;1;Estatal;Provincial
26007270;Completa;2;Estatal;Provincial
26007280;Completa;1;Estatal;Provincial
26007280;Completa;2;Estatal;Provincial
26007310;Completa;1;Estatal;Provincial
26007310;Completa;2;Estatal;Provincial
26007320;Completa;1;Estatal;Provincial
26007320;Completa;2;Estatal;Provincial
26007330;Completa;1;Estatal;Provincial
26007330;Completa;2;Estatal;Provincial
26007340;Completa;1;Estatal;Provincial
26007340;Completa;2;Estatal;Provincial
26007370;Completa;2;Estatal;Provincial
26007370;Completa;3;Estatal;Provincial
26007380;Completa;2;Estatal;Provincial
26007390;Completa;1;Privado;Provincial
26007400;Completa;1;Estatal;Provincial
26007400;Completa;2;Estatal;Provincial
26007410;Completa;1;Estatal;Provincial
26007410;Completa;2;Estatal;Provincial
26007420;Completa;2;Privado;Provincial
26007450;Extendida;4;Privado;Provincial
26007460;Completa;1;Estatal;Provincial
26007460;Completa;2;Estatal;Provincial
26007460;Completa;3;Estatal;Provincial
26007470;Completa;1;Estatal;Provincial
26007470;Completa;2;Estatal;Provincial
26007480;Completa;1;Estatal;Provincial
26007480;Completa;2;Estatal;Provincial
26007480;Completa;6;Estatal;Provincial
26007490;Completa;1;Estatal;Provincial
26007490;Completa;2;Estatal;Provincial
26007500;Completa;1;Estatal;Provincial
26007500;Completa;2;Estatal;Provincial
26007500;Completa;3;Estatal;Provincial
26007500;Completa;6;Estatal;Provincial
26007510;Completa;1;Estatal;Provincial
26007510;Completa;2;Estatal;Provincial
26007520;Completa;0;Privado;Provincial
26007520;Completa;1;Privado;Provincial
26007530;Completa;1;Privado;Provincial
26007540;Completa;6;Estatal;Provincial
26007550;Completa;2;Estatal;Provincial
26007551;Extendida;4;Estatal;Provincial
26007560;Completa;2;Estatal;Provincial
26007570;Completa;3;Estatal;Provincial
26007571;Completa;1;Estatal;Provincial
26007572;Completa;1;Estatal;Provincial
26007573;Completa;1;Estatal;Provincial
26007600;Completa;0;Privado;Provincial
26007610;Completa;1;Estatal;Provincial
26007610;Completa;2;Estatal;Provincial
26007620;Completa;0;Privado;Provincial
26007630;Completa;1;Privado;Provincial
26007630;Completa;2;Privado;Provincial
26007630;Extendida;4;Privado;Provincial
26007650;Completa;1;Estatal;Provincial
26007650;Completa;2;Estatal;Provincial
26007670;Completa;1;Estatal;Provincial
26007670;Completa;2;Estatal;Provincial
26007690;Completa;0;Estatal;Provincial
26007700;Completa;6;Estatal;Provincial
26007710;Completa;2;Estatal;Provincial
26007720;Completa;2;Estatal;Provincial
26007720;Completa;3;Estatal;Provincial
26007730;Completa;1;Estatal;Provincial
26007730;Completa;2;Estatal;Provincial
26007760;Completa;2;Estatal;Provincial
26007770;Completa;1;Estatal;Provincial
26007770;Completa;2;Estatal;Provincial
26007770;Completa;3;Estatal;Provincial
26007780;Completa;1;Privado;Provincial
26007780;Completa;2;Privado;Provincial
26007790;Completa;1;Estatal;Provincial
26007790;Completa;2;Estatal;Provincial
26007800;Completa;1;Estatal;Provincial
26007800;Completa;2;Estatal;Provincial
26007810;Completa;1;Estatal;Provincial
26007810;Completa;2;Estatal;Provincial
26007820;Completa;6;Estatal;Provincial
26007830;Completa;0;Estatal;Provincial
26007840;Completa;1;Privado;Provincial
26007840;Completa;2;Privado;Provincial
26007840;Completa;3;Privado;Provincial
26007852;Completa;1;Estatal;Provincial
26007852;Completa;7;Estatal;Provincial
26007853;Completa;1;Estatal;Provincial
26007855;Completa;1;Estatal;Provincial
26007855;Completa;3;Estatal;Provincial
26007890;Completa;0;Estatal;Provincial
26007900;Completa;1;Gestión social/cooperativa;Provincial
26007900;Completa;2;Gestión social/cooperativa;Provincial
26007910;Completa;1;Estatal;Provincial
26007910;Completa;2;Estatal;Provincial
26007920;Completa;1;Estatal;Provincial
26007920;Completa;2;Estatal;Provincial
26007930;Completa;1;Estatal;Provincial
26007930;Completa;2;Estatal;Provincial
26007940;Completa;1;Estatal;Provincial
26007940;Completa;2;Estatal;Provincial
26007950;Completa;1;Estatal;Provincial
26007950;Completa;2;Estatal;Provincial
26007960;Completa;1;Estatal;Provincial
26007960;Completa;2;Estatal;Provincial
26007970;Completa;3;Estatal;Provincial
26007971;Completa;3;Estatal;Provincial
26007980;Completa;1;Estatal;Provincial
26007980;Completa;2;Estatal;Provincial
26007990;Completa;1;Privado;Provincial
26007990;Completa;2;Privado;Provincial
26008000;Completa;3;Gestión social/cooperativa;Provincial
26008010;Completa;1;Estatal;Provincial
26008010;Completa;2;Estatal;Provincial
26008010;Completa;6;Estatal;Provincial
26008030;Completa;6;Gestión social/cooperativa;Provincial
26008040;Completa;1;Estatal;Provincial
26008040;Completa;2;Estatal;Provincial
26008050;Completa;1;Estatal;Provincial
26008050;Completa;2;Estatal;Provincial
26008060;Completa;1;Estatal;Provincial
26008060;Completa;2;Estatal;Provincial
26008070;Completa;1;Privado;Provincial
26008070;Completa;2;Privado;Provincial
26008080;Completa;1;Privado;Provincial
26008080;Completa;2;Privado;Provincial
26008090;Completa;1;Estatal;Provincial
26008090;Completa;2;Estatal;Provincial
26008100;Completa;1;Estatal;Provincial
26008100;Completa;2;Estatal;Provincial
26008110;Completa;1;Estatal;Provincial
26008110;Completa;2;Estatal;Provincial
26008120;Completa;1;Privado;Provincial
26008120;Completa;2;Privado;Provincial
26008130;Completa;1;Privado;Provincial
26008140;Completa;3;Estatal;Provincial
26008150;Completa;1;Estatal;Provincial
26008150;Completa;2;Estatal;Provincial
26008160;Completa;3;Privado;Provincial
26008170;Completa;1;Estatal;Provincial
26008170;Completa;2;Estatal;Provincial
26008180;Completa;0;Privado;Provincial
26008190;Completa;1;Estatal;Provincial
26008190;Completa;2;Estatal;Provincial
26008210;Completa;3;Privado;Provincial
26008230;Completa;2;Privado;Provincial
26008240;Completa;1;Privado;Provincial
26008240;Completa;2;Privado;Provincial
26008250;Completa;1;Privado;Provincial
26008260;Extendida;4;Privado;Provincial
26008280;Completa;1;Estatal;Provincial
26008280;Completa;2;Estatal;Provincial
26008290;Completa;6;Estatal;Provincial
26008300;Completa;1;Privado;Provincial
26008300;Completa;2;Privado;Provincial
26008310;Completa;1;Estatal;Provincial
26008310;Completa;2;Estatal;Provincial
26008330;Completa;1;Privado;Provincial
26008330;Completa;6;Privado;Provincial
26008350;Completa;1;Estatal;Provincial
26008350;Completa;2;Estatal;Provincial
26008360;Completa;1;Estatal;Provincial
26008360;Completa;2;Estatal;Provincial
26008370;Completa;1;Estatal;Provincial
26008370;Completa;2;Estatal;Provincial
26008370;Completa;3;Estatal;Provincial
26008380;Completa;6;Estatal;Provincial
26008390;Completa;1;Privado;Provincial
26008390;Completa;2;Privado;Provincial
26008400;Completa;1;Estatal;Provincial
26008400;Completa;2;Estatal;Provincial
26008410;Completa;6;Privado;Provincial
26008420;Completa;1;Estatal;Provincial
26008420;Completa;2;Estatal;Provincial
26008500;Completa;1;Estatal;Provincial
26008500;Completa;2;Estatal;Provincial
26008530;Completa;1;Privado;Provincial
26008540;Completa;1;Estatal;Provincial
26008540;Completa;2;Estatal;Provincial
26008540;Completa;3;Estatal;Provincial
26008550;Completa;1;Estatal;Provincial
26008550;Completa;2;Estatal;Provincial
26008550;Completa;3;Estatal;Provincial
26008560;Completa;1;Privado;Provincial
26008570;Completa;0;Privado;Provincial
26008580;Completa;1;Privado;Provincial
26008580;Completa;2;Privado;Provincial
26008600;Completa;6;Estatal;Municipal
26008620;Completa;1;Estatal;Provincial
26008640;Completa;2;Privado;Provincial
26008650;Completa;0;Privado;Provincial
26900010;Completa;1;Estatal;Nacional
26900020;Completa;1;Estatal;Nacional
26900020;Completa;2;Estatal;Nacional
26900020;Completa;6;Estatal;Nacional
260053310;Extendida;4;Estatal;Municipal
260053311;Extendida;4;Estatal;Municipal
260070210;Completa;6;Estatal;Provincial
260070211;Completa;6;Estatal;Provincial
260070212;Completa;6;Estatal;Provincial
